{
  "GET Account Details" : {
    "transaction" : "GET Account Details",
    "sampleCount" : 5,
    "errorCount" : 0,
    "errorPct" : 0.0,
    "meanResTime" : 683.4,
    "medianResTime" : 503.0,
    "minResTime" : 425.0,
    "maxResTime" : 1121.0,
    "pct1ResTime" : 1121.0,
    "pct2ResTime" : 1121.0,
    "pct3ResTime" : 1121.0,
    "throughput" : 2.683843263553409,
    "receivedKBytesPerSec" : 1.0614809782608696,
    "sentKBytesPerSec" : 0.5635022477187333
  },
  "Total" : {
    "transaction" : "Total",
    "sampleCount" : 5,
    "errorCount" : 0,
    "errorPct" : 0.0,
    "meanResTime" : 683.4,
    "medianResTime" : 503.0,
    "minResTime" : 425.0,
    "maxResTime" : 1121.0,
    "pct1ResTime" : 1121.0,
    "pct2ResTime" : 1121.0,
    "pct3ResTime" : 1121.0,
    "throughput" : 2.683843263553409,
    "receivedKBytesPerSec" : 1.0614809782608696,
    "sentKBytesPerSec" : 0.5635022477187333
  }
}