{
  "GET Account Details" : {
    "transaction" : "GET Account Details",
    "sampleCount" : 5,
    "errorCount" : 0,
    "errorPct" : 0.0,
    "meanResTime" : 816.8,
    "medianResTime" : 621.0,
    "minResTime" : 473.0,
    "maxResTime" : 1404.0,
    "pct1ResTime" : 1404.0,
    "pct2ResTime" : 1404.0,
    "pct3ResTime" : 1404.0,
    "throughput" : 2.641310089804543,
    "receivedKBytesPerSec" : 1.0446587757527734,
    "sentKBytesPerSec" : 0.554571942683571
  },
  "Total" : {
    "transaction" : "Total",
    "sampleCount" : 5,
    "errorCount" : 0,
    "errorPct" : 0.0,
    "meanResTime" : 816.8,
    "medianResTime" : 621.0,
    "minResTime" : 473.0,
    "maxResTime" : 1404.0,
    "pct1ResTime" : 1404.0,
    "pct2ResTime" : 1404.0,
    "pct3ResTime" : 1404.0,
    "throughput" : 2.641310089804543,
    "receivedKBytesPerSec" : 1.0446587757527734,
    "sentKBytesPerSec" : 0.554571942683571
  }
}