{
  "GET Account Details" : {
    "transaction" : "GET Account Details",
    "sampleCount" : 5,
    "errorCount" : 0,
    "errorPct" : 0.0,
    "meanResTime" : 983.0,
    "medianResTime" : 1056.0,
    "minResTime" : 506.0,
    "maxResTime" : 1503.0,
    "pct1ResTime" : 1503.0,
    "pct2ResTime" : 1503.0,
    "pct3ResTime" : 1503.0,
    "throughput" : 1.7543859649122808,
    "receivedKBytesPerSec" : 0.6938733552631579,
    "sentKBytesPerSec" : 0.36835252192982454
  },
  "Total" : {
    "transaction" : "Total",
    "sampleCount" : 5,
    "errorCount" : 0,
    "errorPct" : 0.0,
    "meanResTime" : 983.0,
    "medianResTime" : 1056.0,
    "minResTime" : 506.0,
    "maxResTime" : 1503.0,
    "pct1ResTime" : 1503.0,
    "pct2ResTime" : 1503.0,
    "pct3ResTime" : 1503.0,
    "throughput" : 1.7543859649122808,
    "receivedKBytesPerSec" : 0.6938733552631579,
    "sentKBytesPerSec" : 0.36835252192982454
  }
}